<?xml version="1.0" encoding="UTF-8"?>
<beans:beans xmlns="http://www.springframework.org/schema/security"
             xmlns:beans="http://www.springframework.org/schema/beans" 
             xmlns:xsi="http://www.w3.org/2001/XMLSchema-instance"
             xmlns:tx="http://www.springframework.org/schema/tx"
             xsi:schemaLocation="http://www.springframework.org/schema/beans
	http://www.springframework.org/schema/beans/spring-beans-3.0.xsd
        http://www.springframework.org/schema/tx
	http://www.springframework.org/schema/tx/spring-tx-3.2.xsd
	http://www.springframework.org/schema/security
	http://www.springframework.org/schema/security/spring-security-3.2.xsd">

    <debug />

    <!-- needed for security tag lib expression support -->
    <beans:bean id="webexpressionHandler" class="org.springframework.security.web.access.expression.DefaultWebSecurityExpressionHandler" /> 
    
    <http pattern="/" security="none" />
    <http pattern="/resources/**" security="none" />
    
    
    <http pattern="/index.jsp" security="none" />
    
    <http>
        <intercept-url pattern="/initDb" access="IS_AUTHENTICATED_ANONYMOUSLY"/>  
        <intercept-url pattern="/login" access="IS_AUTHENTICATED_ANONYMOUSLY"/>
        <intercept-url pattern="/" access="IS_AUTHENTICATED_ANONYMOUSLY"/>        
        <intercept-url pattern="/admin/**"  access="ROLE_ADMIN" />
        <intercept-url pattern="/courseSwitch/**" access="ROLE_USER" />
        <intercept-url pattern="/**" method="GET" access="ROLE_USER" />
        <form-login 
            login-page="/" 
            default-target-url="/" 
            authentication-failure-url="/?error" 
            username-parameter="username"
            password-parameter="password"/>
        <logout logout-success-url="/?logout"/>
    </http>
    
    <authentication-manager>
        <authentication-provider ref="customAuthenticationProvider"/>
    </authentication-manager>
    
</beans:beans>